stationid,PARAMETER,Regression,Mann-Kendall,agreement,,% in agreement
ANGSDND,Chlorophyll-a,Stable,Worsening,Disagree,,0.84
ANGSDND,pH (epilimnion),Stable,Stable,Agree,,
ANGSDND,Transparency,Stable,Stable,Agree,,
ANGSDND,Conductivity,Worsening,Worsening,Agree,,
ANGSDND,Phosphorus (epilimnion),Stable,Stable,Agree,,
ANGSDND,Phosphorus (hypolimnion),Stable,Stable,Agree,,
ARMPIED,Chlorophyll-a,Improving,Stable,Disagree,,
ARMPIED,pH (epilimnion),Stable,Stable,Agree,,
ARMPIED,Transparency,Worsening,Improving,Disagree,,
ARMPIED,Conductivity,Improving,Worsening,Disagree,,
ARMPIED,Phosphorus (epilimnion),Improving,Worsening,Disagree,,
ARMPIED,Phosphorus (hypolimnion),Stable,Stable,Agree,,
ASHWASD,Chlorophyll-a,Improving,Stable,Disagree,,
ASHWASD,pH (epilimnion),Improving,Improving,Agree,,
ASHWASD,Transparency,Stable,Stable,Agree,,
ASHWASD,Conductivity,Stable,Stable,Agree,,
ASHWASD,Phosphorus (epilimnion),Stable,Stable,Agree,,
ASHWASD,Phosphorus (hypolimnion),Stable,Stable,Agree,,
AYEBARD,Chlorophyll-a,Stable,Worsening,Disagree,,
AYEBARD,pH (epilimnion),Stable,Stable,Agree,,
AYEBARD,Transparency,Stable,Stable,Agree,,
AYEBARD,Conductivity,Worsening,Worsening,Agree,,
AYEBARD,Phosphorus (epilimnion),Stable,Stable,Agree,,
AYEBARD,Phosphorus (hypolimnion),Stable,Stable,Agree,,
BAPSPRD,Chlorophyll-a,Stable,Stable,Agree,,
BAPSPRD,pH (epilimnion),Stable,Stable,Agree,,
BAPSPRD,Transparency,Worsening,Improving,Disagree,,
BAPSPRD,Conductivity,Stable,Stable,Agree,,
BAPSPRD,Phosphorus (epilimnion),Stable,Stable,Agree,,
BAPSPRD,Phosphorus (hypolimnion),Worsening,Worsening,Agree,,
BAXFARD,Chlorophyll-a,Stable,Stable,Agree,,
BAXFARD,pH (epilimnion),Stable,Stable,Agree,,
BAXFARD,Transparency,Stable,Stable,Agree,,
BAXFARD,Conductivity,Worsening,Worsening,Agree,,
BAXFARD,Phosphorus (epilimnion),Stable,Stable,Agree,,
BAXFARD,Phosphorus (hypolimnion),Worsening,Worsening,Agree,,
BEADERD,Chlorophyll-a,Improving,Worsening,Disagree,,
BEADERD,pH (epilimnion),Stable,Stable,Agree,,
BEADERD,Transparency,Stable,Stable,Agree,,
BEADERD,Conductivity,Worsening,Worsening,Agree,,
BEADERD,Phosphorus (epilimnion),Worsening,Stable,Disagree,,
BEADERD,Phosphorus (hypolimnion),Worsening,Worsening,Agree,,
BEASWHD,Chlorophyll-a,Stable,Stable,Agree,,
BEASWHD,pH (epilimnion),Stable,Stable,Agree,,
BEASWHD,Transparency,Stable,Stable,Agree,,
BEASWHD,Conductivity,Stable,Stable,Agree,,
BEASWHD,Phosphorus (epilimnion),Stable,Stable,Agree,,
BEASWHD,Phosphorus (hypolimnion),Stable,Stable,Agree,,
BEELTUFD,Chlorophyll-a,Stable,Worsening,Disagree,,
BEELTUFD,pH (epilimnion),Stable,Stable,Agree,,
BEELTUFD,Transparency,Stable,Stable,Agree,,
BEELTUFD,Conductivity,Worsening,Worsening,Agree,,
BEELTUFD,Phosphorus (epilimnion),Stable,Stable,Agree,,
BEELTUFD,Phosphorus (hypolimnion),Stable,Stable,Agree,,
BERFRED,Chlorophyll-a,Stable,Stable,Agree,,
BERFRED,pH (epilimnion),Stable,Stable,Agree,,
BERFRED,Transparency,Stable,Stable,Agree,,
BERFRED,Conductivity,Worsening,Worsening,Agree,,
BERFRED,Phosphorus (epilimnion),Stable,Stable,Agree,,
BERFRED,Phosphorus (hypolimnion),Worsening,Worsening,Agree,,
BLASUTD,Chlorophyll-a,Stable,Stable,Agree,,
BLASUTD,pH (epilimnion),Stable,Stable,Agree,,
BLASUTD,Transparency,Improving,Improving,Agree,,
BLASUTD,Conductivity,Worsening,Worsening,Agree,,
BLASUTD,Phosphorus (epilimnion),Improving,Stable,Disagree,,
BLASUTD,Phosphorus (hypolimnion),Stable,Stable,Agree,,
BOWSFFD,Chlorophyll-a,Stable,Stable,Agree,,
BOWSFFD,pH (epilimnion),Stable,Stable,Agree,,
BOWSFFD,Transparency,Stable,Stable,Agree,,
BOWSFFD,Conductivity,Worsening,Worsening,Agree,,
BOWSFFD,Phosphorus (epilimnion),Stable,Stable,Agree,,
BOWSFFD,Phosphorus (hypolimnion),Stable,Stable,Agree,,
BRAANDD,Chlorophyll-a,Stable,Stable,Agree,,
BRAANDD,pH (epilimnion),Improving,Improving,Agree,,
BRAANDD,Transparency,Stable,Stable,Agree,,
BRAANDD,Conductivity,Stable,Stable,Agree,,
BRAANDD,Phosphorus (epilimnion),Stable,Stable,Agree,,
BRAANDD,Phosphorus (hypolimnion),Stable,Stable,Agree,,
BROOSSD,Chlorophyll-a,Improving,Worsening,Disagree,,
BROOSSD,pH (epilimnion),Stable,Stable,Agree,,
BROOSSD,Transparency,Worsening,Improving,Disagree,,
BROOSSD,Conductivity,Worsening,Worsening,Agree,,
BROOSSD,Phosphorus (epilimnion),Stable,Stable,Agree,,
BROOSSD,Phosphorus (hypolimnion),Stable,Stable,Agree,,
CANCAND,Chlorophyll-a,Stable,Worsening,Disagree,,
CANCAND,pH (epilimnion),Stable,Stable,Agree,,
CANCAND,Transparency,Improving,Stable,Disagree,,
CANCAND,Conductivity,Worsening,Worsening,Agree,,
CANCAND,Phosphorus (epilimnion),Stable,Stable,Agree,,
CANCAND,Phosphorus (hypolimnion),Stable,Stable,Agree,,
CANWIND,Chlorophyll-a,Improving,Worsening,Disagree,,
CANWIND,pH (epilimnion),Stable,Stable,Agree,,
CANWIND,Transparency,Stable,Stable,Agree,,
CANWIND,Conductivity,Worsening,Worsening,Agree,,
CANWIND,Phosphorus (epilimnion),Stable,Stable,Agree,,
CANWIND,Phosphorus (hypolimnion),Worsening,Worsening,Agree,,
CAPSALD,Chlorophyll-a,Stable,Stable,Agree,,
CAPSALD,pH (epilimnion),Stable,Improving,Disagree,,
CAPSALD,Transparency,Stable,Stable,Agree,,
CAPSALD,Conductivity,Stable,Stable,Agree,,
CAPSALD,Phosphorus (epilimnion),Stable,Stable,Agree,,
CAPSALD,Phosphorus (hypolimnion),Stable,Stable,Agree,,
CENSTDD,Chlorophyll-a,Stable,Stable,Agree,,
CENSTDD,pH (epilimnion),Worsening,Improving,Disagree,,
CENSTDD,Transparency,Improving,Improving,Agree,,
CENSTDD,Conductivity,Improving,Worsening,Disagree,,
CENSTDD,Phosphorus (epilimnion),Improving,Worsening,Disagree,,
CENSTDD,Phosphorus (hypolimnion),Improving,Worsening,Disagree,,
CHANBYD,Chlorophyll-a,Stable,Stable,Agree,,
CHANBYD,pH (epilimnion),Improving,Improving,Agree,,
CHANBYD,Transparency,Stable,Improving,Disagree,,
CHANBYD,Conductivity,Worsening,Worsening,Agree,,
CHANBYD,Phosphorus (epilimnion),Stable,Stable,Agree,,
CHANBYD,Phosphorus (hypolimnion),Stable,Stable,Agree,,
CHASULD,Chlorophyll-a,Improving,Worsening,Disagree,,
CHASULD,pH (epilimnion),Improving,Improving,Agree,,
CHASULD,Transparency,Stable,Stable,Agree,,
CHASULD,Conductivity,Worsening,Worsening,Agree,,
CHASULD,Phosphorus (epilimnion),Stable,Stable,Agree,,
CHASULD,Phosphorus (hypolimnion),Improving,Worsening,Disagree,,
CHAWLMD,Chlorophyll-a,Improving,Stable,Disagree,,
CHAWLMD,pH (epilimnion),Stable,Stable,Agree,,
CHAWLMD,Transparency,Stable,Stable,Agree,,
CHAWLMD,Conductivity,Worsening,Worsening,Agree,,
CHAWLMD,Phosphorus (epilimnion),Stable,Stable,Agree,,
CHAWLMD,Phosphorus (hypolimnion),Stable,Stable,Agree,,
CHEEPSD,Chlorophyll-a,Improving,Worsening,Disagree,,
CHEEPSD,pH (epilimnion),Improving,Improving,Agree,,
CHEEPSD,Transparency,Stable,Stable,Agree,,
CHEEPSD,Conductivity,Stable,Stable,Agree,,
CHEEPSD,Phosphorus (epilimnion),Stable,Stable,Agree,,
CHEEPSD,Phosphorus (hypolimnion),Stable,Stable,Agree,,
CLEHOPD,Chlorophyll-a,Stable,Stable,Agree,,
CLEHOPD,pH (epilimnion),Stable,Stable,Agree,,
CLEHOPD,Transparency,Stable,Stable,Agree,,
CLEHOPD,Conductivity,Worsening,Worsening,Agree,,
CLEHOPD,Phosphorus (epilimnion),Stable,Stable,Agree,,
CLEHOPD,Phosphorus (hypolimnion),Stable,Stable,Agree,,
CLOLOUD,Chlorophyll-a,Stable,Stable,Agree,,
CLOLOUD,pH (epilimnion),Stable,Stable,Agree,,
CLOLOUD,Transparency,Stable,Stable,Agree,,
CLOLOUD,Conductivity,Worsening,Worsening,Agree,,
CLOLOUD,Phosphorus (epilimnion),Stable,Stable,Agree,,
CLOLOUD,Phosphorus (hypolimnion),Stable,Stable,Agree,,
COBWINND,Chlorophyll-a,Stable,Stable,Agree,,
COBWINND,pH (epilimnion),Stable,Stable,Agree,,
COBWINND,Transparency,Worsening,Improving,Disagree,,
COBWINND,Conductivity,Worsening,Worsening,Agree,,
COBWINND,Phosphorus (epilimnion),Worsening,Worsening,Agree,,
COBWINND,Phosphorus (hypolimnion),Worsening,Worsening,Agree,,
COBWINSD,Chlorophyll-a,Stable,Stable,Agree,,
COBWINSD,pH (epilimnion),Stable,Stable,Agree,,
COBWINSD,Transparency,Worsening,Improving,Disagree,,
COBWINSD,Conductivity,Worsening,Worsening,Agree,,
COBWINSD,Phosphorus (epilimnion),Worsening,Worsening,Agree,,
COBWINSD,Phosphorus (hypolimnion),Worsening,Worsening,Agree,,
COLANDD,Chlorophyll-a,Stable,Stable,Agree,,
COLANDD,pH (epilimnion),Stable,Stable,Agree,,
COLANDD,Transparency,Worsening,Stable,Disagree,,
COLANDD,Conductivity,Improving,Worsening,Disagree,,
COLANDD,Phosphorus (epilimnion),Worsening,Worsening,Agree,,
COLANDD,Phosphorus (hypolimnion),Worsening,Worsening,Agree,,
CONHSBD,Chlorophyll-a,Stable,Stable,Agree,,
CONHSBD,pH (epilimnion),Stable,Stable,Agree,,
CONHSBD,Transparency,Stable,Stable,Agree,,
CONHSBD,Conductivity,Stable,Stable,Agree,,
CONHSBD,Phosphorus (epilimnion),Stable,Stable,Agree,,
CONHSBD,Phosphorus (hypolimnion),Stable,Stable,Agree,,
CONJAFD,Chlorophyll-a,Improving,Worsening,Disagree,,
CONJAFD,pH (epilimnion),Stable,Stable,Agree,,
CONJAFD,Transparency,Stable,Stable,Agree,,
CONJAFD,Conductivity,Worsening,Worsening,Agree,,
CONJAFD,Phosphorus (epilimnion),Stable,Stable,Agree,,
CONJAFD,Phosphorus (hypolimnion),Stable,Stable,Agree,,
CONOSSD,Chlorophyll-a,Stable,Stable,Agree,,
CONOSSD,pH (epilimnion),Stable,Improving,Disagree,,
CONOSSD,Transparency,Stable,Stable,Agree,,
CONOSSD,Conductivity,Stable,Stable,Agree,,
CONOSSD,Phosphorus (epilimnion),Stable,Stable,Agree,,
CONOSSD,Phosphorus (hypolimnion),Stable,Stable,Agree,,
CREACWD,Chlorophyll-a,Stable,Stable,Agree,,
CREACWD,pH (epilimnion),Stable,Stable,Agree,,
CREACWD,Transparency,Worsening,Improving,Disagree,,
CREACWD,Conductivity,Worsening,Worsening,Agree,,
CREACWD,Phosphorus (epilimnion),Stable,Stable,Agree,,
CREACWD,Phosphorus (hypolimnion),Stable,Stable,Agree,,
CRYGLMD,Chlorophyll-a,Improving,Worsening,Disagree,,
CRYGLMD,pH (epilimnion),Stable,Stable,Agree,,
CRYGLMD,Transparency,Stable,Stable,Agree,,
CRYGLMD,Conductivity,Worsening,Worsening,Agree,,
CRYGLMD,Phosphorus (epilimnion),Stable,Stable,Agree,,
CRYGLMD,Phosphorus (hypolimnion),Stable,Stable,Agree,,
CRYMAND,Chlorophyll-a,Stable,Stable,Agree,,
CRYMAND,pH (epilimnion),Stable,Stable,Agree,,
CRYMAND,Transparency,Stable,Stable,Agree,,
CRYMAND,Conductivity,Worsening,Worsening,Agree,,
CRYMAND,Phosphorus (epilimnion),Worsening,Worsening,Agree,,
CRYMAND,Phosphorus (hypolimnion),Worsening,Stable,Disagree,,
DANLFRED,Chlorophyll-a,Stable,Stable,Agree,,
DANLFRED,pH (epilimnion),Stable,Stable,Agree,,
DANLFRED,Transparency,Stable,Stable,Agree,,
DANLFRED,Conductivity,Worsening,Worsening,Agree,,
DANLFRED,Phosphorus (epilimnion),Stable,Stable,Agree,,
DANLFRED,Phosphorus (hypolimnion),Worsening,Worsening,Agree,,
DEEDRGD,Chlorophyll-a,Stable,Stable,Agree,,
DEEDRGD,pH (epilimnion),Stable,Stable,Agree,,
DEEDRGD,Transparency,Stable,Stable,Agree,,
DEEDRGD,Conductivity,Worsening,Worsening,Agree,,
DEEDRGD,Phosphorus (epilimnion),Stable,Stable,Agree,,
DEEDRGD,Phosphorus (hypolimnion),Improving,Stable,Disagree,,
DORMAND,Chlorophyll-a,Improving,Stable,Disagree,,
DORMAND,pH (epilimnion),Stable,Stable,Agree,,
DORMAND,Transparency,Stable,Stable,Agree,,
DORMAND,Conductivity,Stable,Stable,Agree,,
DORMAND,Phosphorus (epilimnion),Stable,Stable,Agree,,
DORMAND,Phosphorus (hypolimnion),Stable,Stable,Agree,,
DUBDUBD,Chlorophyll-a,Stable,Stable,Agree,,
DUBDUBD,pH (epilimnion),Stable,Stable,Agree,,
DUBDUBD,Transparency,Stable,Stable,Agree,,
DUBDUBD,Conductivity,Stable,Stable,Agree,,
DUBDUBD,Phosphorus (epilimnion),Stable,Stable,Agree,,
DUBDUBD,Phosphorus (hypolimnion),Stable,Stable,Agree,,
DUTSPRD,Chlorophyll-a,Stable,Stable,Agree,,
DUTSPRD,pH (epilimnion),Improving,Improving,Agree,,
DUTSPRD,Transparency,Stable,Stable,Agree,,
DUTSPRD,Conductivity,Improving,Worsening,Disagree,,
DUTSPRD,Phosphorus (epilimnion),Stable,Stable,Agree,,
DUTSPRD,Phosphorus (hypolimnion),Stable,Worsening,Disagree,,
EASGTMD,Chlorophyll-a,Improving,Worsening,Disagree,,
EASGTMD,pH (epilimnion),Stable,Stable,Agree,,
EASGTMD,Transparency,Improving,Improving,Agree,,
EASGTMD,Conductivity,Worsening,Worsening,Agree,,
EASGTMD,Phosphorus (epilimnion),Stable,Worsening,Disagree,,
EASGTMD,Phosphorus (hypolimnion),Stable,Stable,Agree,,
EMERIND,Chlorophyll-a,Stable,Stable,Agree,,
EMERIND,pH (epilimnion),Stable,Improving,Disagree,,
EMERIND,Transparency,Stable,Stable,Agree,,
EMERIND,Conductivity,Worsening,Worsening,Agree,,
EMERIND,Phosphorus (epilimnion),Worsening,Worsening,Agree,,
EMERIND,Phosphorus (hypolimnion),Stable,Stable,Agree,,
FLIHLSD,Chlorophyll-a,Stable,Stable,Agree,,
FLIHLSD,pH (epilimnion),Stable,Improving,Disagree,,
FLIHLSD,Transparency,Stable,Stable,Agree,,
FLIHLSD,Conductivity,Worsening,Worsening,Agree,,
FLIHLSD,Phosphorus (epilimnion),Worsening,Worsening,Agree,,
FLIHLSD,Phosphorus (hypolimnion),Stable,Stable,Agree,,
FORDALD,Chlorophyll-a,Stable,Stable,Agree,,
FORDALD,pH (epilimnion),Stable,Stable,Agree,,
FORDALD,Transparency,Worsening,Improving,Disagree,,
FORDALD,Conductivity,Worsening,Worsening,Agree,,
FORDALD,Phosphorus (epilimnion),Stable,Stable,Agree,,
FORDALD,Phosphorus (hypolimnion),Stable,Stable,Agree,,
FORWCHD,Chlorophyll-a,Stable,Stable,Agree,,
FORWCHD,pH (epilimnion),Stable,Stable,Agree,,
FORWCHD,Transparency,Improving,Improving,Agree,,
FORWCHD,Conductivity,Improving,Worsening,Disagree,,
FORWCHD,Phosphorus (epilimnion),Stable,Stable,Agree,,
FORWCHD,Phosphorus (hypolimnion),Stable,Stable,Agree,,
FRAHSBD,Chlorophyll-a,Stable,Stable,Agree,,
FRAHSBD,pH (epilimnion),Stable,Stable,Agree,,
FRAHSBD,Transparency,Stable,Stable,Agree,,
FRAHSBD,Conductivity,Stable,Stable,Agree,,
FRAHSBD,Phosphorus (epilimnion),Stable,Stable,Agree,,
FRAHSBD,Phosphorus (hypolimnion),Stable,Stable,Agree,,
FREHEND,Chlorophyll-a,Worsening,Worsening,Agree,,
FREHEND,pH (epilimnion),Stable,Stable,Agree,,
FREHEND,Transparency,Worsening,Improving,Disagree,,
FREHEND,Conductivity,Worsening,Worsening,Agree,,
FREHEND,Phosphorus (epilimnion),Stable,Stable,Agree,,
FREHEND,Phosphorus (hypolimnion),Worsening,Worsening,Agree,,
FROJAFD,Chlorophyll-a,Stable,Stable,Agree,,
FROJAFD,pH (epilimnion),Stable,Stable,Agree,,
FROJAFD,Transparency,Stable,Stable,Agree,,
FROJAFD,Conductivity,Stable,Worsening,Disagree,,
FROJAFD,Phosphorus (epilimnion),Stable,Stable,Agree,,
FROJAFD,Phosphorus (hypolimnion),Stable,Stable,Agree,,
GARBATD,Chlorophyll-a,Stable,Stable,Agree,,
GARBATD,pH (epilimnion),Stable,Stable,Agree,,
GARBATD,Transparency,Improving,Improving,Agree,,
GARBATD,Conductivity,Stable,Stable,Agree,,
GARBATD,Phosphorus (epilimnion),Worsening,Worsening,Agree,,
GARBATD,Phosphorus (hypolimnion),Stable,Stable,Agree,,
GARMOUD,Chlorophyll-a,Stable,Stable,Agree,,
GARMOUD,pH (epilimnion),Stable,Stable,Agree,,
GARMOUD,Transparency,Stable,Stable,Agree,,
GARMOUD,Conductivity,Worsening,Stable,Disagree,,
GARMOUD,Phosphorus (epilimnion),Stable,Stable,Agree,,
GARMOUD,Phosphorus (hypolimnion),Stable,Stable,Agree,,
GILJAFD,Chlorophyll-a,Stable,Stable,Agree,,
GILJAFD,pH (epilimnion),Stable,Improving,Disagree,,
GILJAFD,Transparency,Worsening,Improving,Disagree,,
GILJAFD,Conductivity,Stable,Stable,Agree,,
GILJAFD,Phosphorus (epilimnion),Stable,Stable,Agree,,
GILJAFD,Phosphorus (hypolimnion),Stable,Stable,Agree,,
GOOCAND,Chlorophyll-a,Stable,Stable,Agree,,
GOOCAND,pH (epilimnion),Improving,Stable,Disagree,,
GOOCAND,Transparency,Stable,Stable,Agree,,
GOOCAND,Conductivity,Stable,Worsening,Disagree,,
GOOCAND,Phosphorus (epilimnion),Stable,Stable,Agree,,
GOOCAND,Phosphorus (hypolimnion),Stable,Stable,Agree,,
GOUHSBD,Chlorophyll-a,Stable,Stable,Agree,,
GOUHSBD,pH (epilimnion),Worsening,Improving,Disagree,,
GOUHSBD,Transparency,Stable,Stable,Agree,,
GOUHSBD,Conductivity,Worsening,Worsening,Agree,,
GOUHSBD,Phosphorus (epilimnion),Stable,Stable,Agree,,
GOUHSBD,Phosphorus (hypolimnion),Stable,Stable,Agree,,
GOVRAYD,Chlorophyll-a,Improving,Worsening,Disagree,,
GOVRAYD,pH (epilimnion),Stable,Stable,Agree,,
GOVRAYD,Transparency,Stable,Stable,Agree,,
GOVRAYD,Conductivity,Worsening,Worsening,Agree,,
GOVRAYD,Phosphorus (epilimnion),Improving,Stable,Disagree,,
GOVRAYD,Phosphorus (hypolimnion),Stable,Stable,Agree,,
GRASTDD,Chlorophyll-a,Stable,Stable,Agree,,
GRASTDD,pH (epilimnion),Stable,Stable,Agree,,
GRASTDD,Transparency,Stable,Stable,Agree,,
GRASTDD,Conductivity,Worsening,Worsening,Agree,,
GRASTDD,Phosphorus (epilimnion),Stable,Stable,Agree,,
GRASTDD,Phosphorus (hypolimnion),Stable,Stable,Agree,,
GREANTD,Chlorophyll-a,Stable,Stable,Agree,,
GREANTD,pH (epilimnion),Stable,Stable,Agree,,
GREANTD,Transparency,Stable,Stable,Agree,,
GREANTD,Conductivity,Improving,Worsening,Disagree,,
GREANTD,Phosphorus (epilimnion),Stable,Stable,Agree,,
GREANTD,Phosphorus (hypolimnion),Worsening,Worsening,Agree,,
GRTKINND,Chlorophyll-a,Stable,Worsening,Disagree,,
GRTKINND,pH (epilimnion),Stable,Stable,Agree,,
GRTKINND,Transparency,Improving,Stable,Disagree,,
GRTKINND,Conductivity,Worsening,Worsening,Agree,,
GRTKINND,Phosphorus (epilimnion),Worsening,Worsening,Agree,,
GRTKINND,Phosphorus (hypolimnion),Stable,Stable,Agree,,
GRTKINSD,Chlorophyll-a,Stable,Stable,Agree,,
GRTKINSD,pH (epilimnion),Stable,Stable,Agree,,
GRTKINSD,Transparency,Improving,Improving,Agree,,
GRTKINSD,Conductivity,Worsening,Worsening,Agree,,
GRTKINSD,Phosphorus (epilimnion),Stable,Stable,Agree,,
GRTKINSD,Phosphorus (hypolimnion),Stable,Stable,Agree,,
HALALTD,Chlorophyll-a,Stable,Stable,Agree,,
HALALTD,pH (epilimnion),Stable,Stable,Agree,,
HALALTD,Transparency,Stable,Stable,Agree,,
HALALTD,Conductivity,Worsening,Worsening,Agree,,
HALALTD,Phosphorus (epilimnion),Stable,Stable,Agree,,
HALALTD,Phosphorus (hypolimnion),Worsening,Worsening,Agree,,
HALWASD,Chlorophyll-a,Stable,Stable,Agree,,
HALWASD,pH (epilimnion),Stable,Stable,Agree,,
HALWASD,Transparency,Stable,Stable,Agree,,
HALWASD,Conductivity,Stable,Worsening,Disagree,,
HALWASD,Phosphorus (epilimnion),Stable,Stable,Agree,,
HALWASD,Phosphorus (hypolimnion),Stable,Stable,Agree,,
HARCSTD,Chlorophyll-a,Stable,Stable,Agree,,
HARCSTD,pH (epilimnion),Stable,Stable,Agree,,
HARCSTD,Transparency,Stable,Stable,Agree,,
HARCSTD,Conductivity,Worsening,Worsening,Agree,,
HARCSTD,Phosphorus (epilimnion),Stable,Worsening,Disagree,,
HARCSTD,Phosphorus (hypolimnion),Stable,Stable,Agree,,
HARHARD,Chlorophyll-a,Stable,Stable,Agree,,
HARHARD,pH (epilimnion),Improving,Improving,Agree,,
HARHARD,Transparency,Stable,Stable,Agree,,
HARHARD,Conductivity,Stable,Stable,Agree,,
HARHARD,Phosphorus (epilimnion),Stable,Stable,Agree,,
HARHARD,Phosphorus (hypolimnion),Stable,Stable,Agree,,
HARNORD,Chlorophyll-a,Stable,Stable,Agree,,
HARNORD,pH (epilimnion),Stable,Stable,Agree,,
HARNORD,Transparency,Stable,Stable,Agree,,
HARNORD,Conductivity,Worsening,Worsening,Agree,,
HARNORD,Phosphorus (epilimnion),Stable,Stable,Agree,,
HARNORD,Phosphorus (hypolimnion),Stable,Stable,Agree,,
HAUFRSD,Chlorophyll-a,Stable,Stable,Agree,,
HAUFRSD,pH (epilimnion),Stable,Stable,Agree,,
HAUFRSD,Transparency,Stable,Stable,Agree,,
HAUFRSD,Conductivity,Stable,Stable,Agree,,
HAUFRSD,Phosphorus (epilimnion),Stable,Stable,Agree,,
HAUFRSD,Phosphorus (hypolimnion),Worsening,Worsening,Agree,,
HAWCEND,Chlorophyll-a,Stable,Stable,Agree,,
HAWCEND,pH (epilimnion),Stable,Stable,Agree,,
HAWCEND,Transparency,Worsening,Stable,Disagree,,
HAWCEND,Conductivity,Stable,Stable,Agree,,
HAWCEND,Phosphorus (epilimnion),Stable,Stable,Agree,,
HAWCEND,Phosphorus (hypolimnion),Stable,Stable,Agree,,
HERSAND,Chlorophyll-a,Stable,Stable,Agree,,
HERSAND,pH (epilimnion),Stable,Stable,Agree,,
HERSAND,Transparency,Worsening,Improving,Disagree,,
HERSAND,Conductivity,Stable,Stable,Agree,,
HERSAND,Phosphorus (epilimnion),Stable,Stable,Agree,,
HERSAND,Phosphorus (hypolimnion),Stable,Stable,Agree,,
HIGANDD,Chlorophyll-a,Stable,Stable,Agree,,
HIGANDD,pH (epilimnion),Stable,Stable,Agree,,
HIGANDD,Transparency,Stable,Stable,Agree,,
HIGANDD,Conductivity,Worsening,Worsening,Agree,,
HIGANDD,Phosphorus (epilimnion),Stable,Stable,Agree,,
HIGANDD,Phosphorus (hypolimnion),Worsening,Worsening,Agree,,
HIGSTDND,Chlorophyll-a,Improving,Worsening,Disagree,,
HIGSTDND,pH (epilimnion),Stable,Stable,Agree,,
HIGSTDND,Transparency,Stable,Stable,Agree,,
HIGSTDND,Conductivity,Stable,Stable,Agree,,
HIGSTDND,Phosphorus (epilimnion),Improving,Stable,Disagree,,
HIGSTDND,Phosphorus (hypolimnion),Improving,Stable,Disagree,,
HIGSTDSD,Chlorophyll-a,Stable,Stable,Agree,,
HIGSTDSD,pH (epilimnion),Improving,Improving,Agree,,
HIGSTDSD,Transparency,Stable,Stable,Agree,,
HIGSTDSD,Conductivity,Stable,Stable,Agree,,
HIGSTDSD,Phosphorus (epilimnion),Improving,Stable,Disagree,,
HIGSTDSD,Phosphorus (hypolimnion),Stable,Stable,Agree,,
HILALTD,Chlorophyll-a,Stable,Stable,Agree,,
HILALTD,pH (epilimnion),Stable,Stable,Agree,,
HILALTD,Transparency,Stable,Stable,Agree,,
HILALTD,Conductivity,Worsening,Worsening,Agree,,
HILALTD,Phosphorus (epilimnion),Worsening,Stable,Disagree,,
HILALTD,Phosphorus (hypolimnion),Stable,Stable,Agree,,
ISLDERD,Chlorophyll-a,Stable,Worsening,Disagree,,
ISLDERD,pH (epilimnion),Stable,Stable,Agree,,
ISLDERD,Transparency,Stable,Stable,Agree,,
ISLDERD,Conductivity,Worsening,Worsening,Agree,,
ISLDERD,Phosphorus (epilimnion),Stable,Worsening,Disagree,,
ISLDERD,Phosphorus (hypolimnion),Stable,Stable,Agree,,
ISLSTDVLAPD,Chlorophyll-a,Improving,Stable,Disagree,,
ISLSTDVLAPD,pH (epilimnion),Stable,Stable,Agree,,
ISLSTDVLAPD,Transparency,Stable,Stable,Agree,,
ISLSTDVLAPD,Conductivity,Stable,Stable,Agree,,
ISLSTDVLAPD,Phosphorus (epilimnion),Improving,Stable,Disagree,,
ISLSTDVLAPD,Phosphorus (hypolimnion),Stable,Stable,Agree,,
ISLWASD,Chlorophyll-a,Stable,Stable,Agree,,
ISLWASD,pH (epilimnion),Stable,Stable,Agree,,
ISLWASD,Transparency,Worsening,Stable,Disagree,,
ISLWASD,Conductivity,Stable,Stable,Agree,,
ISLWASD,Phosphorus (epilimnion),Stable,Stable,Agree,,
ISLWASD,Phosphorus (hypolimnion),Worsening,Worsening,Agree,,
IVAWAK1,Chlorophyll-a,Stable,Stable,Agree,,
IVAWAK1,pH (epilimnion),Worsening,Improving,Disagree,,
IVAWAK1,Transparency,Stable,Stable,Agree,,
IVAWAK1,Conductivity,Stable,Stable,Agree,,
IVAWAK1,Phosphorus (epilimnion),Stable,Worsening,Disagree,,
IVAWAK1,Phosphorus (hypolimnion),Stable,Stable,Agree,,
IVAWAKD,Chlorophyll-a,Stable,Stable,Agree,,
IVAWAKD,pH (epilimnion),Stable,Stable,Agree,,
IVAWAKD,Transparency,Stable,Stable,Agree,,
IVAWAKD,Conductivity,Stable,Stable,Agree,,
IVAWAKD,Phosphorus (epilimnion),Improving,Worsening,Disagree,,
IVAWAKD,Phosphorus (hypolimnion),Improving,Worsening,Disagree,,
JENNORD,Chlorophyll-a,Stable,Stable,Agree,,
JENNORD,pH (epilimnion),Improving,Improving,Agree,,
JENNORD,Transparency,Stable,Stable,Agree,,
JENNORD,Conductivity,Worsening,Stable,Disagree,,
JENNORD,Phosphorus (epilimnion),Stable,Stable,Agree,,
JENNORD,Phosphorus (hypolimnion),Stable,Stable,Agree,,
KATPIED,Chlorophyll-a,Stable,Stable,Agree,,
KATPIED,pH (epilimnion),Stable,Stable,Agree,,
KATPIED,Transparency,Stable,Stable,Agree,,
KATPIED,Conductivity,Worsening,Stable,Disagree,,
KATPIED,Phosphorus (epilimnion),Stable,Stable,Agree,,
KATPIED,Phosphorus (hypolimnion),Stable,Stable,Agree,,
KEZSUTD,Chlorophyll-a,Improving,Worsening,Disagree,,
KEZSUTD,pH (epilimnion),Stable,Stable,Agree,,
KEZSUTD,Transparency,Improving,Improving,Agree,,
KEZSUTD,Conductivity,Worsening,Worsening,Agree,,
KEZSUTD,Phosphorus (epilimnion),Stable,Stable,Agree,,
KEZSUTD,Phosphorus (hypolimnion),Stable,Stable,Agree,,
KILGRAD,Chlorophyll-a,Stable,Stable,Agree,,
KILGRAD,pH (epilimnion),Stable,Stable,Agree,,
KILGRAD,Transparency,Stable,Stable,Agree,,
KILGRAD,Conductivity,Stable,Stable,Agree,,
KILGRAD,Phosphorus (epilimnion),Stable,Stable,Agree,,
KILGRAD,Phosphorus (hypolimnion),Stable,Stable,Agree,,
KNONFDD,Chlorophyll-a,Stable,Stable,Agree,,
KNONFDD,pH (epilimnion),Improving,Improving,Agree,,
KNONFDD,Transparency,Stable,Stable,Agree,,
KNONFDD,Conductivity,Worsening,Worsening,Agree,,
KNONFDD,Phosphorus (epilimnion),Stable,Worsening,Disagree,,
KNONFDD,Phosphorus (hypolimnion),Stable,Stable,Agree,,
KOLSPRD,Chlorophyll-a,Stable,Stable,Agree,,
KOLSPRD,pH (epilimnion),Improving,Stable,Disagree,,
KOLSPRD,Transparency,Improving,Improving,Agree,,
KOLSPRD,Conductivity,Worsening,Worsening,Agree,,
KOLSPRD,Phosphorus (epilimnion),Improving,Stable,Disagree,,
KOLSPRD,Phosphorus (hypolimnion),Stable,Stable,Agree,,
LAUFITD,Chlorophyll-a,Stable,Stable,Agree,,
LAUFITD,pH (epilimnion),Stable,Improving,Disagree,,
LAUFITD,Transparency,Worsening,Improving,Disagree,,
LAUFITD,Conductivity,Worsening,Stable,Disagree,,
LAUFITD,Phosphorus (epilimnion),Stable,Stable,Agree,,
LAUFITD,Phosphorus (hypolimnion),Stable,Stable,Agree,,
LEAOSSD,Chlorophyll-a,Stable,Stable,Agree,,
LEAOSSD,pH (epilimnion),Stable,Stable,Agree,,
LEAOSSD,Transparency,Worsening,Improving,Disagree,,
LEAOSSD,Conductivity,Worsening,Worsening,Agree,,
LEAOSSD,Phosphorus (epilimnion),Stable,Stable,Agree,,
LEAOSSD,Phosphorus (hypolimnion),Stable,Stable,Agree,,
LEDSUND,Chlorophyll-a,Stable,Worsening,Disagree,,
LEDSUND,pH (epilimnion),Improving,Improving,Agree,,
LEDSUND,Transparency,Worsening,Stable,Disagree,,
LEDSUND,Conductivity,Improving,Worsening,Disagree,,
LEDSUND,Phosphorus (epilimnion),Stable,Worsening,Disagree,,
LEDSUND,Phosphorus (hypolimnion),Stable,Stable,Agree,,
LEEMOUD,Chlorophyll-a,Stable,Stable,Agree,,
LEEMOUD,pH (epilimnion),Stable,Stable,Agree,,
LEEMOUD,Transparency,Stable,Stable,Agree,,
LEEMOUD,Conductivity,Worsening,Worsening,Agree,,
LEEMOUD,Phosphorus (epilimnion),Stable,Stable,Agree,,
LEEMOUD,Phosphorus (hypolimnion),Stable,Stable,Agree,,
LOCBRND,Chlorophyll-a,Stable,Stable,Agree,,
LOCBRND,pH (epilimnion),Stable,Stable,Agree,,
LOCBRND,Transparency,Stable,Improving,Disagree,,
LOCBRND,Conductivity,Worsening,Worsening,Agree,,
LOCBRND,Phosphorus (epilimnion),Stable,Stable,Agree,,
LOCBRND,Phosphorus (hypolimnion),Stable,Stable,Agree,,
LONLEMD,Chlorophyll-a,Stable,Stable,Agree,,
LONLEMD,pH (epilimnion),Improving,Improving,Agree,,
LONLEMD,Transparency,Worsening,Improving,Disagree,,
LONLEMD,Conductivity,Improving,Worsening,Disagree,,
LONLEMD,Phosphorus (epilimnion),Improving,Worsening,Disagree,,
LONLEMD,Phosphorus (hypolimnion),Stable,Stable,Agree,,
LOOGLMD,Chlorophyll-a,Stable,Stable,Agree,,
LOOGLMD,pH (epilimnion),Stable,Stable,Agree,,
LOOGLMD,Transparency,Stable,Stable,Agree,,
LOOGLMD,Conductivity,Worsening,Worsening,Agree,,
LOOGLMD,Phosphorus (epilimnion),Stable,Worsening,Disagree,,
LOOGLMD,Phosphorus (hypolimnion),Worsening,Worsening,Agree,,
LOOPLYD,Chlorophyll-a,Stable,Stable,Agree,,
LOOPLYD,pH (epilimnion),Stable,Stable,Agree,,
LOOPLYD,Transparency,Stable,Stable,Agree,,
LOOPLYD,Conductivity,Stable,Stable,Agree,,
LOOPLYD,Phosphorus (epilimnion),Improving,Stable,Disagree,,
LOOPLYD,Phosphorus (hypolimnion),Stable,Stable,Agree,,
MARLAND,Chlorophyll-a,Stable,Stable,Agree,,
MARLAND,pH (epilimnion),Stable,Stable,Agree,,
MARLAND,Transparency,Stable,Stable,Agree,,
MARLAND,Conductivity,Worsening,Worsening,Agree,,
MARLAND,Phosphorus (epilimnion),Stable,Stable,Agree,,
MARLAND,Phosphorus (hypolimnion),Worsening,Worsening,Agree,,
MASBRAD,Chlorophyll-a,Stable,Stable,Agree,,
MASBRAD,pH (epilimnion),Stable,Stable,Agree,,
MASBRAD,Transparency,Worsening,Stable,Disagree,,
MASBRAD,Conductivity,Stable,Stable,Agree,,
MASBRAD,Phosphorus (epilimnion),Stable,Stable,Agree,,
MASBRAD,Phosphorus (hypolimnion),Stable,Stable,Agree,,
MASENF1D,Chlorophyll-a,Stable,Stable,Agree,,
MASENF1D,pH (epilimnion),Stable,Stable,Agree,,
MASENF1D,Transparency,Stable,Stable,Agree,,
MASENF1D,Conductivity,Worsening,Worsening,Agree,,
MASENF1D,Phosphorus (epilimnion),Stable,Stable,Agree,,
MASENF1D,Phosphorus (hypolimnion),Stable,Stable,Agree,,
MASENF2D,Chlorophyll-a,Stable,Stable,Agree,,
MASENF2D,pH (epilimnion),Stable,Stable,Agree,,
MASENF2D,Transparency,Stable,Stable,Agree,,
MASENF2D,Conductivity,Stable,Stable,Agree,,
MASENF2D,Phosphorus (epilimnion),Stable,Stable,Agree,,
MASENF2D,Phosphorus (hypolimnion),Stable,Worsening,Disagree,,
MAYWASD,Chlorophyll-a,Worsening,Worsening,Agree,,
MAYWASD,pH (epilimnion),Stable,Stable,Agree,,
MAYWASD,Transparency,Stable,Stable,Agree,,
MAYWASD,Conductivity,Improving,Worsening,Disagree,,
MAYWASD,Phosphorus (epilimnion),Stable,Stable,Agree,,
MAYWASD,Phosphorus (hypolimnion),Stable,Stable,Agree,,
MESNWLD,Chlorophyll-a,Stable,Stable,Agree,,
MESNWLD,pH (epilimnion),Improving,Improving,Agree,,
MESNWLD,Transparency,Stable,Stable,Agree,,
MESNWLD,Conductivity,Stable,Stable,Agree,,
MESNWLD,Phosphorus (epilimnion),Stable,Stable,Agree,,
MESNWLD,Phosphorus (hypolimnion),Worsening,Worsening,Agree,,
MLLEWASD,Chlorophyll-a,Stable,Stable,Agree,,
MLLEWASD,pH (epilimnion),Stable,Stable,Agree,,
MLLEWASD,Transparency,Stable,Stable,Agree,,
MLLEWASD,Conductivity,Stable,Stable,Agree,,
MLLEWASD,Phosphorus (epilimnion),Stable,Stable,Agree,,
MLLEWASD,Phosphorus (hypolimnion),Stable,Stable,Agree,,
MLNWASD,Chlorophyll-a,Stable,Worsening,Disagree,,
MLNWASD,pH (epilimnion),Improving,Improving,Agree,,
MLNWASD,Transparency,Worsening,Improving,Disagree,,
MLNWASD,Conductivity,Stable,Stable,Agree,,
MLNWASD,Phosphorus (epilimnion),Stable,Stable,Agree,,
MLNWASD,Phosphorus (hypolimnion),Stable,Stable,Agree,,
MONRINAD,Chlorophyll-a,Stable,Stable,Agree,,
MONRINAD,pH (epilimnion),Stable,Stable,Agree,,
MONRINAD,Transparency,Worsening,Stable,Disagree,,
MONRINAD,Conductivity,Worsening,Worsening,Agree,,
MONRINAD,Phosphorus (epilimnion),Stable,Stable,Agree,,
MONRINAD,Phosphorus (hypolimnion),Stable,Stable,Agree,,
MOOTAMD,Chlorophyll-a,Stable,Stable,Agree,,
MOOTAMD,pH (epilimnion),Stable,Stable,Agree,,
MOOTAMD,Transparency,Stable,Stable,Agree,,
MOOTAMD,Conductivity,Worsening,Stable,Disagree,,
MOOTAMD,Phosphorus (epilimnion),Stable,Stable,Agree,,
MOOTAMD,Phosphorus (hypolimnion),Improving,Worsening,Disagree,,
MOUSHAVD,Chlorophyll-a,Stable,Stable,Agree,,
MOUSHAVD,pH (epilimnion),Stable,Improving,Disagree,,
MOUSHAVD,Transparency,Worsening,Improving,Disagree,,
MOUSHAVD,Conductivity,Worsening,Stable,Disagree,,
MOUSHAVD,Phosphorus (epilimnion),Stable,Stable,Agree,,
MOUSHAVD,Phosphorus (hypolimnion),Stable,Stable,Agree,,
MOUSUND,Chlorophyll-a,Improving,Worsening,Disagree,,
MOUSUND,pH (epilimnion),Stable,Stable,Agree,,
MOUSUND,Transparency,Stable,Stable,Agree,,
MOUSUND,Conductivity,Stable,Worsening,Disagree,,
MOUSUND,Phosphorus (epilimnion),Stable,Stable,Agree,,
MOUSUND,Phosphorus (hypolimnion),Stable,Stable,Agree,,
NEWCNTD,Chlorophyll-a,Stable,Stable,Agree,,
NEWCNTD,pH (epilimnion),Improving,Improving,Agree,,
NEWCNTD,Transparency,Stable,Stable,Agree,,
NEWCNTD,Conductivity,Worsening,Worsening,Agree,,
NEWCNTD,Phosphorus (epilimnion),Stable,Stable,Agree,,
NEWCNTD,Phosphorus (hypolimnion),Stable,Stable,Agree,,
NMOUHAVD,Chlorophyll-a,Stable,Stable,Agree,,
NMOUHAVD,pH (epilimnion),Stable,Stable,Agree,,
NMOUHAVD,Transparency,Stable,Stable,Agree,,
NMOUHAVD,Conductivity,Worsening,Worsening,Agree,,
NMOUHAVD,Phosphorus (epilimnion),Stable,Stable,Agree,,
NMOUHAVD,Phosphorus (hypolimnion),Stable,Stable,Agree,,
NORHAND,Chlorophyll-a,Stable,Stable,Agree,,
NORHAND,pH (epilimnion),Stable,Stable,Agree,,
NORHAND,Transparency,Stable,Stable,Agree,,
NORHAND,Conductivity,Worsening,Worsening,Agree,,
NORHAND,Phosphorus (epilimnion),Stable,Stable,Agree,,
NORHAND,Phosphorus (hypolimnion),Stable,Stable,Agree,,
NORNORED,Chlorophyll-a,Stable,Stable,Agree,,
NORNORED,pH (epilimnion),Stable,Stable,Agree,,
NORNORED,Transparency,Stable,Stable,Agree,,
NORNORED,Conductivity,Worsening,Worsening,Agree,,
NORNORED,Phosphorus (epilimnion),Stable,Stable,Agree,,
NORNORED,Phosphorus (hypolimnion),Stable,Stable,Agree,,
NUBNELD,Chlorophyll-a,Stable,Stable,Agree,,
NUBNELD,pH (epilimnion),Improving,Improving,Agree,,
NUBNELD,Transparency,Stable,Improving,Disagree,,
NUBNELD,Conductivity,Improving,Worsening,Disagree,,
NUBNELD,Phosphorus (epilimnion),Improving,Worsening,Disagree,,
NUBNELD,Phosphorus (hypolimnion),Improving,Worsening,Disagree,,
NUTMAND,Chlorophyll-a,Improving,Stable,Disagree,,
NUTMAND,pH (epilimnion),Stable,Stable,Agree,,
NUTMAND,Transparency,Stable,Stable,Agree,,
NUTMAND,Conductivity,Worsening,Worsening,Agree,,
NUTMAND,Phosphorus (epilimnion),Stable,Stable,Agree,,
NUTMAND,Phosphorus (hypolimnion),Improving,Stable,Disagree,,
ONWRAYD,Chlorophyll-a,Stable,Stable,Agree,,
ONWRAYD,pH (epilimnion),Stable,Stable,Agree,,
ONWRAYD,Transparency,Stable,Stable,Agree,,
ONWRAYD,Conductivity,Stable,Stable,Agree,,
ONWRAYD,Phosphorus (epilimnion),Stable,Stable,Agree,,
ONWRAYD,Phosphorus (hypolimnion),Stable,Stable,Agree,,
OSSOSSD,Chlorophyll-a,Stable,Stable,Agree,,
OSSOSSD,pH (epilimnion),Stable,Stable,Agree,,
OSSOSSD,Transparency,Stable,Stable,Agree,,
OSSOSSD,Conductivity,Worsening,Worsening,Agree,,
OSSOSSD,Phosphorus (epilimnion),Stable,Stable,Agree,,
OSSOSSD,Phosphorus (hypolimnion),Stable,Stable,Agree,,
OTTHUDD,Chlorophyll-a,Stable,Stable,Agree,,
OTTHUDD,pH (epilimnion),Stable,Stable,Agree,,
OTTHUDD,Transparency,Stable,Stable,Agree,,
OTTHUDD,Conductivity,Worsening,Worsening,Agree,,
OTTHUDD,Phosphorus (epilimnion),Stable,Stable,Agree,,
OTTHUDD,Phosphorus (hypolimnion),Stable,Stable,Agree,,
OTTSUND,Chlorophyll-a,Worsening,Worsening,Agree,,
OTTSUND,pH (epilimnion),Stable,Stable,Agree,,
OTTSUND,Transparency,Worsening,Improving,Disagree,,
OTTSUND,Conductivity,Worsening,Worsening,Agree,,
OTTSUND,Phosphorus (epilimnion),Stable,Stable,Agree,,
OTTSUND,Phosphorus (hypolimnion),Stable,Stable,Agree,,
PARLTLD,Chlorophyll-a,Stable,Stable,Agree,,
PARLTLD,pH (epilimnion),Stable,Stable,Agree,,
PARLTLD,Transparency,Stable,Stable,Agree,,
PARLTLD,Conductivity,Stable,Stable,Agree,,
PARLTLD,Phosphorus (epilimnion),Stable,Stable,Agree,,
PARLTLD,Phosphorus (hypolimnion),Stable,Stable,Agree,,
PAWNOTND,Chlorophyll-a,Worsening,Worsening,Agree,,
PAWNOTND,pH (epilimnion),Stable,Stable,Agree,,
PAWNOTND,Transparency,Stable,Stable,Agree,,
PAWNOTND,Conductivity,Stable,Stable,Agree,,
PAWNOTND,Phosphorus (epilimnion),Worsening,Worsening,Agree,,
PAWNOTND,Phosphorus (hypolimnion),Worsening,Worsening,Agree,,
PAWNOTSD,Chlorophyll-a,Stable,Stable,Agree,,
PAWNOTSD,pH (epilimnion),Stable,Stable,Agree,,
PAWNOTSD,Transparency,Stable,Stable,Agree,,
PAWNOTSD,Conductivity,Stable,Stable,Agree,,
PAWNOTSD,Phosphorus (epilimnion),Stable,Stable,Agree,,
PAWNOTSD,Phosphorus (hypolimnion),Stable,Stable,Agree,,
PEABMADD,Chlorophyll-a,Stable,Stable,Agree,,
PEABMADD,pH (epilimnion),Stable,Stable,Agree,,
PEABMADD,Transparency,Stable,Stable,Agree,,
PEABMADD,Conductivity,Worsening,Worsening,Agree,,
PEABMADD,Phosphorus (epilimnion),Stable,Stable,Agree,,
PEABMADD,Phosphorus (hypolimnion),Stable,Stable,Agree,,
PEAMMADD,Chlorophyll-a,Stable,Stable,Agree,,
PEAMMADD,pH (epilimnion),Stable,Stable,Agree,,
PEAMMADD,Transparency,Stable,Stable,Agree,,
PEAMMADD,Conductivity,Worsening,Worsening,Agree,,
PEAMMADD,Phosphorus (epilimnion),Stable,Stable,Agree,,
PEAMMADD,Phosphorus (hypolimnion),Worsening,Worsening,Agree,,
PEARIND,Chlorophyll-a,Improving,Worsening,Disagree,,
PEARIND,pH (epilimnion),Stable,Stable,Agree,,
PEARIND,Transparency,Stable,Stable,Agree,,
PEARIND,Conductivity,Worsening,Worsening,Agree,,
PEARIND,Phosphorus (epilimnion),Improving,Stable,Disagree,,
PEARIND,Phosphorus (hypolimnion),Stable,Stable,Agree,,
PEMMERVLAPD,Chlorophyll-a,Stable,Stable,Agree,,
PEMMERVLAPD,pH (epilimnion),Improving,Improving,Agree,,
PEMMERVLAPD,Transparency,Stable,Stable,Agree,,
PEMMERVLAPD,Conductivity,Stable,Worsening,Disagree,,
PEMMERVLAPD,Phosphorus (epilimnion),Stable,Stable,Agree,,
PEMMERVLAPD,Phosphorus (hypolimnion),Worsening,Worsening,Agree,,
PERSUND,Chlorophyll-a,Stable,Stable,Agree,,
PERSUND,pH (epilimnion),Stable,Stable,Agree,,
PERSUND,Transparency,Worsening,Improving,Disagree,,
PERSUND,Conductivity,Worsening,Worsening,Agree,,
PERSUND,Phosphorus (epilimnion),Stable,Stable,Agree,,
PERSUND,Phosphorus (hypolimnion),Stable,Stable,Agree,,
PHISDND,Chlorophyll-a,Stable,Stable,Agree,,
PHISDND,pH (epilimnion),Stable,Stable,Agree,,
PHISDND,Transparency,Stable,Stable,Agree,,
PHISDND,Conductivity,Worsening,Worsening,Agree,,
PHISDND,Phosphorus (epilimnion),Stable,Stable,Agree,,
PHISDND,Phosphorus (hypolimnion),Worsening,Worsening,Agree,,
PINMAND,Chlorophyll-a,Stable,Stable,Agree,,
PINMAND,pH (epilimnion),Stable,Stable,Agree,,
PINMAND,Transparency,Stable,Stable,Agree,,
PINMAND,Conductivity,Worsening,Worsening,Agree,,
PINMAND,Phosphorus (epilimnion),Stable,Stable,Agree,,
PINMAND,Phosphorus (hypolimnion),Stable,Stable,Agree,,
PINWAKD,Chlorophyll-a,Stable,Stable,Agree,,
PINWAKD,pH (epilimnion),Worsening,Improving,Disagree,,
PINWAKD,Transparency,Stable,Stable,Agree,,
PINWAKD,Conductivity,Stable,Stable,Agree,,
PINWAKD,Phosphorus (epilimnion),Stable,Stable,Agree,,
PINWAKD,Phosphorus (hypolimnion),Stable,Stable,Agree,,
PLEDEED,Chlorophyll-a,Stable,Stable,Agree,,
PLEDEED,pH (epilimnion),Improving,Improving,Agree,,
PLEDEED,Transparency,Stable,Stable,Agree,,
PLEDEED,Conductivity,Worsening,Worsening,Agree,,
PLEDEED,Phosphorus (epilimnion),Stable,Stable,Agree,,
PLEDEED,Phosphorus (hypolimnion),Stable,Stable,Agree,,
PLEFRSD,Chlorophyll-a,Stable,Stable,Agree,,
PLEFRSD,pH (epilimnion),Stable,Stable,Agree,,
PLEFRSD,Transparency,Worsening,Improving,Disagree,,
PLEFRSD,Conductivity,Stable,Stable,Agree,,
PLEFRSD,Phosphorus (epilimnion),Stable,Worsening,Disagree,,
PLEFRSD,Phosphorus (hypolimnion),Worsening,Worsening,Agree,,
PLENWLD,Chlorophyll-a,Stable,Stable,Agree,,
PLENWLD,pH (epilimnion),Improving,Improving,Agree,,
PLENWLD,Transparency,Worsening,Improving,Disagree,,
PLENWLD,Conductivity,Stable,Stable,Agree,,
PLENWLD,Phosphorus (epilimnion),Stable,Stable,Agree,,
PLENWLD,Phosphorus (hypolimnion),Improving,Worsening,Disagree,,
POORIND,Chlorophyll-a,Stable,Stable,Agree,,
POORIND,pH (epilimnion),Stable,Stable,Agree,,
POORIND,Transparency,Stable,Stable,Agree,,
POORIND,Conductivity,Worsening,Worsening,Agree,,
POORIND,Phosphorus (epilimnion),Worsening,Worsening,Agree,,
POORIND,Phosphorus (hypolimnion),Stable,Stable,Agree,,
POSLYMD,Chlorophyll-a,Stable,Stable,Agree,,
POSLYMD,pH (epilimnion),Worsening,Improving,Disagree,,
POSLYMD,Transparency,Stable,Stable,Agree,,
POSLYMD,Conductivity,Stable,Stable,Agree,,
POSLYMD,Phosphorus (epilimnion),Stable,Stable,Agree,,
POSLYMD,Phosphorus (hypolimnion),Worsening,Worsening,Agree,,
POWKIND,Chlorophyll-a,Stable,Stable,Agree,,
POWKIND,pH (epilimnion),Stable,Stable,Agree,,
POWKIND,Transparency,Stable,Stable,Agree,,
POWKIND,Conductivity,Worsening,Worsening,Agree,,
POWKIND,Phosphorus (epilimnion),Worsening,Worsening,Agree,,
POWKIND,Phosphorus (hypolimnion),Stable,Stable,Agree,,
PRANWID,Chlorophyll-a,Worsening,Worsening,Agree,,
PRANWID,pH (epilimnion),Improving,Improving,Agree,,
PRANWID,Transparency,Worsening,Improving,Disagree,,
PRANWID,Conductivity,Stable,Stable,Agree,,
PRANWID,Phosphorus (epilimnion),Worsening,Worsening,Agree,,
PRANWID,Phosphorus (hypolimnion),Stable,Stable,Agree,,
PROEFFD,Chlorophyll-a,Stable,Stable,Agree,,
PROEFFD,pH (epilimnion),Stable,Stable,Agree,,
PROEFFD,Transparency,Stable,Stable,Agree,,
PROEFFD,Conductivity,Worsening,Worsening,Agree,,
PROEFFD,Phosphorus (epilimnion),Stable,Stable,Agree,,
PROEFFD,Phosphorus (hypolimnion),Stable,Stable,Agree,,
RANGOSD,Chlorophyll-a,Stable,Worsening,Disagree,,
RANGOSD,pH (epilimnion),Stable,Stable,Agree,,
RANGOSD,Transparency,Stable,Stable,Agree,,
RANGOSD,Conductivity,Worsening,Stable,Disagree,,
RANGOSD,Phosphorus (epilimnion),Stable,Stable,Agree,,
RANGOSD,Phosphorus (hypolimnion),Stable,Stable,Agree,,
RESDORD,Chlorophyll-a,Stable,Stable,Agree,,
RESDORD,pH (epilimnion),Stable,Stable,Agree,,
RESDORD,Transparency,Stable,Stable,Agree,,
RESDORD,Conductivity,Stable,Worsening,Disagree,,
RESDORD,Phosphorus (epilimnion),Stable,Stable,Agree,,
RESDORD,Phosphorus (hypolimnion),Worsening,Worsening,Agree,,
ROBHUDD,Chlorophyll-a,Stable,Stable,Agree,,
ROBHUDD,pH (epilimnion),Stable,Stable,Agree,,
ROBHUDD,Transparency,Worsening,Improving,Disagree,,
ROBHUDD,Conductivity,Stable,Stable,Agree,,
ROBHUDD,Phosphorus (epilimnion),Worsening,Worsening,Agree,,
ROBHUDD,Phosphorus (hypolimnion),Worsening,Worsening,Agree,,
ROCCROD,Chlorophyll-a,Stable,Stable,Agree,,
ROCCROD,pH (epilimnion),Stable,Stable,Agree,,
ROCCROD,Transparency,Worsening,Improving,Disagree,,
ROCCROD,Conductivity,Stable,Stable,Agree,,
ROCCROD,Phosphorus (epilimnion),Stable,Stable,Agree,,
ROCCROD,Phosphorus (hypolimnion),Stable,Stable,Agree,,
ROCFITD,Chlorophyll-a,Worsening,Worsening,Agree,,
ROCFITD,pH (epilimnion),Stable,Improving,Disagree,,
ROCFITD,Transparency,Stable,Stable,Agree,,
ROCFITD,Conductivity,Stable,Stable,Agree,,
ROCFITD,Phosphorus (epilimnion),Stable,Stable,Agree,,
ROCFITD,Phosphorus (hypolimnion),Worsening,Worsening,Agree,,
ROCWIND,Chlorophyll-a,Stable,Stable,Agree,,
ROCWIND,pH (epilimnion),Stable,Stable,Agree,,
ROCWIND,Transparency,Stable,Stable,Agree,,
ROCWIND,Conductivity,Worsening,Worsening,Agree,,
ROCWIND,Phosphorus (epilimnion),Stable,Stable,Agree,,
ROCWIND,Phosphorus (hypolimnion),Stable,Stable,Agree,,
RUSHARD,Chlorophyll-a,Worsening,Worsening,Agree,,
RUSHARD,pH (epilimnion),Improving,Improving,Agree,,
RUSHARD,Transparency,Worsening,Stable,Disagree,,
RUSHARD,Conductivity,Stable,Stable,Agree,,
RUSHARD,Phosphorus (epilimnion),Worsening,Worsening,Agree,,
RUSHARD,Phosphorus (hypolimnion),Stable,Stable,Agree,,
RUSWOLD,Chlorophyll-a,Stable,Stable,Agree,,
RUSWOLD,pH (epilimnion),Stable,Stable,Agree,,
RUSWOLD,Transparency,Stable,Stable,Agree,,
RUSWOLD,Conductivity,Worsening,Worsening,Agree,,
RUSWOLD,Phosphorus (epilimnion),Improving,Stable,Disagree,,
RUSWOLD,Phosphorus (hypolimnion),Stable,Stable,Agree,,
SANMLWD,Chlorophyll-a,Worsening,Worsening,Agree,,
SANMLWD,pH (epilimnion),Improving,Improving,Agree,,
SANMLWD,Transparency,Worsening,Improving,Disagree,,
SANMLWD,Conductivity,Improving,Worsening,Disagree,,
SANMLWD,Phosphorus (epilimnion),Stable,Stable,Agree,,
SANMLWD,Phosphorus (hypolimnion),Stable,Stable,Agree,,
SEBBEDD,Chlorophyll-a,Stable,Stable,Agree,,
SEBBEDD,pH (epilimnion),Worsening,Improving,Disagree,,
SEBBEDD,Transparency,Stable,Stable,Agree,,
SEBBEDD,Conductivity,Worsening,Worsening,Agree,,
SEBBEDD,Phosphorus (epilimnion),Stable,Stable,Agree,,
SEBBEDD,Phosphorus (hypolimnion),Stable,Worsening,Disagree,,
SHOSDND,Chlorophyll-a,Stable,Stable,Agree,,
SHOSDND,pH (epilimnion),Stable,Stable,Agree,,
SHOSDND,Transparency,Stable,Stable,Agree,,
SHOSDND,Conductivity,Worsening,Worsening,Agree,,
SHOSDND,Phosphorus (epilimnion),Worsening,Stable,Disagree,,
SHOSDND,Phosphorus (hypolimnion),Stable,Stable,Agree,,
SILHARD,Chlorophyll-a,Stable,Stable,Agree,,
SILHARD,pH (epilimnion),Improving,Improving,Agree,,
SILHARD,Transparency,Stable,Stable,Agree,,
SILHARD,Conductivity,Improving,Worsening,Disagree,,
SILHARD,Phosphorus (epilimnion),Stable,Stable,Agree,,
SILHARD,Phosphorus (hypolimnion),Stable,Worsening,Disagree,,
SKAHARD,Chlorophyll-a,Stable,Stable,Agree,,
SKAHARD,pH (epilimnion),Stable,Stable,Agree,,
SKAHARD,Transparency,Stable,Stable,Agree,,
SKAHARD,Conductivity,Stable,Stable,Agree,,
SKAHARD,Phosphorus (epilimnion),Improving,Stable,Disagree,,
SKAHARD,Phosphorus (hypolimnion),Stable,Stable,Agree,,
SONNFDD,Chlorophyll-a,Stable,Stable,Agree,,
SONNFDD,pH (epilimnion),Stable,Stable,Agree,,
SONNFDD,Transparency,Stable,Stable,Agree,,
SONNFDD,Conductivity,Stable,Stable,Agree,,
SONNFDD,Phosphorus (epilimnion),Worsening,Worsening,Agree,,
SONNFDD,Phosphorus (hypolimnion),Worsening,Worsening,Agree,,
SPEENFD2,Chlorophyll-a,Stable,Stable,Agree,,
SPEENFD2,pH (epilimnion),Stable,Stable,Agree,,
SPEENFD2,Transparency,Stable,Stable,Agree,,
SPEENFD2,Conductivity,Stable,Stable,Agree,,
SPEENFD2,Phosphorus (epilimnion),Stable,Stable,Agree,,
SPEENFD2,Phosphorus (hypolimnion),Stable,Stable,Agree,,
SPEGROVLAPD,Chlorophyll-a,Stable,Stable,Agree,,
SPEGROVLAPD,pH (epilimnion),Stable,Stable,Agree,,
SPEGROVLAPD,Transparency,Improving,Improving,Agree,,
SPEGROVLAPD,Conductivity,Stable,Stable,Agree,,
SPEGROVLAPD,Phosphorus (epilimnion),Stable,Stable,Agree,,
SPEGROVLAPD,Phosphorus (hypolimnion),Stable,Stable,Agree,,
SPOCHED,Chlorophyll-a,Stable,Stable,Agree,,
SPOCHED,pH (epilimnion),Stable,Stable,Agree,,
SPOCHED,Transparency,Stable,Stable,Agree,,
SPOCHED,Conductivity,Worsening,Worsening,Agree,,
SPOCHED,Phosphorus (epilimnion),Stable,Stable,Agree,,
SPOCHED,Phosphorus (hypolimnion),Worsening,Worsening,Agree,,
STEMAND,Chlorophyll-a,Stable,Stable,Agree,,
STEMAND,pH (epilimnion),Stable,Stable,Agree,,
STEMAND,Transparency,Stable,Stable,Agree,,
STEMAND,Conductivity,Stable,Stable,Agree,,
STEMAND,Phosphorus (epilimnion),Stable,Stable,Agree,,
STEMAND,Phosphorus (hypolimnion),Stable,Stable,Agree,,
STIRUMD,Chlorophyll-a,Stable,Stable,Agree,,
STIRUMD,pH (epilimnion),Improving,Improving,Agree,,
STIRUMD,Transparency,Worsening,Improving,Disagree,,
STIRUMD,Conductivity,Worsening,Worsening,Agree,,
STIRUMD,Phosphorus (epilimnion),Stable,Worsening,Disagree,,
STIRUMD,Phosphorus (hypolimnion),Improving,Worsening,Disagree,,
STOGTMD,Chlorophyll-a,Improving,Worsening,Disagree,,
STOGTMD,pH (epilimnion),Stable,Stable,Agree,,
STOGTMD,Transparency,Stable,Stable,Agree,,
STOGTMD,Conductivity,Worsening,Worsening,Agree,,
STOGTMD,Phosphorus (epilimnion),Stable,Stable,Agree,,
STOGTMD,Phosphorus (hypolimnion),Stable,Stable,Agree,,
STOMARD,Chlorophyll-a,Stable,Stable,Agree,,
STOMARD,pH (epilimnion),Stable,Stable,Agree,,
STOMARD,Transparency,Stable,Stable,Agree,,
STOMARD,Conductivity,Stable,Stable,Agree,,
STOMARD,Phosphorus (epilimnion),Worsening,Worsening,Agree,,
STOMARD,Phosphorus (hypolimnion),Worsening,Worsening,Agree,,
SUNALTD,Chlorophyll-a,Improving,Worsening,Disagree,,
SUNALTD,pH (epilimnion),Stable,Stable,Agree,,
SUNALTD,Transparency,Stable,Stable,Agree,,
SUNALTD,Conductivity,Worsening,Worsening,Agree,,
SUNALTD,Phosphorus (epilimnion),Stable,Stable,Agree,,
SUNALTD,Phosphorus (hypolimnion),Stable,Stable,Agree,,
SUNGRED,Chlorophyll-a,Stable,Stable,Agree,,
SUNGRED,pH (epilimnion),Worsening,Improving,Disagree,,
SUNGRED,Transparency,Stable,Stable,Agree,,
SUNGRED,Conductivity,Worsening,Worsening,Agree,,
SUNGRED,Phosphorus (epilimnion),Stable,Stable,Agree,,
SUNGRED,Phosphorus (hypolimnion),Stable,Stable,Agree,,
SUNLBRND,Chlorophyll-a,Improving,Worsening,Disagree,,
SUNLBRND,pH (epilimnion),Stable,Stable,Agree,,
SUNLBRND,Transparency,Stable,Stable,Agree,,
SUNLBRND,Conductivity,Worsening,Worsening,Agree,,
SUNLBRND,Phosphorus (epilimnion),Improving,Stable,Disagree,,
SUNLBRND,Phosphorus (hypolimnion),Stable,Stable,Agree,,
SUNLNWLD,Chlorophyll-a,Stable,Stable,Agree,,
SUNLNWLD,pH (epilimnion),Stable,Stable,Agree,,
SUNLNWLD,Transparency,Worsening,Improving,Disagree,,
SUNLNWLD,Conductivity,Stable,Stable,Agree,,
SUNLNWLD,Phosphorus (epilimnion),Stable,Stable,Agree,,
SUNLNWLD,Phosphorus (hypolimnion),Stable,Stable,Agree,,
SUNMIDD,Chlorophyll-a,Stable,Stable,Agree,,
SUNMIDD,pH (epilimnion),Stable,Stable,Agree,,
SUNMIDD,Transparency,Stable,Stable,Agree,,
SUNMIDD,Conductivity,Worsening,Worsening,Agree,,
SUNMIDD,Phosphorus (epilimnion),Stable,Stable,Agree,,
SUNMIDD,Phosphorus (hypolimnion),Stable,Stable,Agree,,
SUNSUN010,Chlorophyll-a,Stable,Stable,Agree,,
SUNSUN010,pH (epilimnion),Stable,Stable,Agree,,
SUNSUN010,Transparency,Stable,Improving,Disagree,,
SUNSUN010,Conductivity,Stable,Stable,Agree,,
SUNSUN010,Phosphorus (epilimnion),Stable,Stable,Agree,,
SUNSUN010,Phosphorus (hypolimnion),Stable,Stable,Agree,,
SUNSUN020,Chlorophyll-a,Improving,Worsening,Disagree,,
SUNSUN020,pH (epilimnion),Stable,Stable,Agree,,
SUNSUN020,Transparency,Stable,Stable,Agree,,
SUNSUN020,Conductivity,Stable,Stable,Agree,,
SUNSUN020,Phosphorus (epilimnion),Stable,Stable,Agree,,
SUNSUN020,Phosphorus (hypolimnion),Stable,Stable,Agree,,
SUNSUN030,Chlorophyll-a,Stable,Stable,Agree,,
SUNSUN030,pH (epilimnion),Stable,Stable,Agree,,
SUNSUN030,Transparency,Stable,Stable,Agree,,
SUNSUN030,Conductivity,Stable,Stable,Agree,,
SUNSUN030,Phosphorus (epilimnion),Stable,Stable,Agree,,
SUNSUN030,Phosphorus (hypolimnion),Stable,Stable,Agree,,
SUNSUN040,Chlorophyll-a,Stable,Worsening,Disagree,,
SUNSUN040,pH (epilimnion),Stable,Stable,Agree,,
SUNSUN040,Transparency,Stable,Stable,Agree,,
SUNSUN040,Conductivity,Stable,Stable,Agree,,
SUNSUN040,Phosphorus (epilimnion),Stable,Stable,Agree,,
SUNSUN040,Phosphorus (hypolimnion),Stable,Stable,Agree,,
SUNSUN060,Chlorophyll-a,Improving,Worsening,Disagree,,
SUNSUN060,pH (epilimnion),Stable,Stable,Agree,,
SUNSUN060,Transparency,Worsening,Improving,Disagree,,
SUNSUN060,Conductivity,Stable,Stable,Agree,,
SUNSUN060,Phosphorus (epilimnion),Stable,Stable,Agree,,
SUNSUN060,Phosphorus (hypolimnion),Stable,Stable,Agree,,
SUNSUN070,Chlorophyll-a,Improving,Worsening,Disagree,,
SUNSUN070,pH (epilimnion),Stable,Stable,Agree,,
SUNSUN070,Transparency,Stable,Stable,Agree,,
SUNSUN070,Conductivity,Stable,Stable,Agree,,
SUNSUN070,Phosphorus (epilimnion),Stable,Stable,Agree,,
SUNSUN070,Phosphorus (hypolimnion),Stable,Stable,Agree,,
SUNSUN080,Chlorophyll-a,Improving,Worsening,Disagree,,
SUNSUN080,pH (epilimnion),Stable,Stable,Agree,,
SUNSUN080,Transparency,Worsening,Stable,Disagree,,
SUNSUN080,Conductivity,Stable,Stable,Agree,,
SUNSUN080,Phosphorus (epilimnion),Stable,Stable,Agree,,
SUNSUN080,Phosphorus (hypolimnion),Stable,Stable,Agree,,
SUNSUN090,Chlorophyll-a,Improving,Worsening,Disagree,,
SUNSUN090,pH (epilimnion),Stable,Stable,Agree,,
SUNSUN090,Transparency,Stable,Stable,Agree,,
SUNSUN090,Conductivity,Stable,Stable,Agree,,
SUNSUN090,Phosphorus (epilimnion),Stable,Stable,Agree,,
SUNSUN090,Phosphorus (hypolimnion),Stable,Stable,Agree,,
SUNSUN100,Chlorophyll-a,Stable,Stable,Agree,,
SUNSUN100,pH (epilimnion),Stable,Stable,Agree,,
SUNSUN100,Transparency,Stable,Stable,Agree,,
SUNSUN100,Conductivity,Stable,Stable,Agree,,
SUNSUN100,Phosphorus (epilimnion),Stable,Stable,Agree,,
SUNSUN100,Phosphorus (hypolimnion),Stable,Stable,Agree,,
SUNSUN1001,Chlorophyll-a,Stable,Worsening,Disagree,,
SUNSUN1001,pH (epilimnion),Stable,Stable,Agree,,
SUNSUN1001,Transparency,Worsening,Stable,Disagree,,
SUNSUN1001,Conductivity,Stable,Stable,Agree,,
SUNSUN1001,Phosphorus (epilimnion),Stable,Stable,Agree,,
SUNSUN1001,Phosphorus (hypolimnion),Stable,Stable,Agree,,
SUNSUN110,Chlorophyll-a,Stable,Stable,Agree,,
SUNSUN110,pH (epilimnion),Stable,Stable,Agree,,
SUNSUN110,Transparency,Worsening,Improving,Disagree,,
SUNSUN110,Conductivity,Stable,Stable,Agree,,
SUNSUN110,Phosphorus (epilimnion),Stable,Stable,Agree,,
SUNSUN110,Phosphorus (hypolimnion),Stable,Stable,Agree,,
SUNSUN1D,Chlorophyll-a,Stable,Stable,Agree,,
SUNSUN1D,pH (epilimnion),Improving,Improving,Agree,,
SUNSUN1D,Transparency,Stable,Stable,Agree,,
SUNSUN1D,Conductivity,Worsening,Worsening,Agree,,
SUNSUN1D,Phosphorus (epilimnion),Worsening,Worsening,Agree,,
SUNSUN1D,Phosphorus (hypolimnion),Stable,Stable,Agree,,
SUNSUN220D,Chlorophyll-a,Improving,Worsening,Disagree,,
SUNSUN220D,pH (epilimnion),Stable,Stable,Agree,,
SUNSUN220D,Transparency,Stable,Stable,Agree,,
SUNSUN220D,Conductivity,Worsening,Worsening,Agree,,
SUNSUN220D,Phosphorus (epilimnion),Stable,Stable,Agree,,
SUNSUN220D,Phosphorus (hypolimnion),Stable,Stable,Agree,,
SUNSUN2D,Chlorophyll-a,Stable,Stable,Agree,,
SUNSUN2D,pH (epilimnion),Stable,Stable,Agree,,
SUNSUN2D,Transparency,Stable,Stable,Agree,,
SUNSUN2D,Conductivity,Worsening,Worsening,Agree,,
SUNSUN2D,Phosphorus (epilimnion),Stable,Stable,Agree,,
SUNSUN2D,Phosphorus (hypolimnion),Stable,Stable,Agree,,
SUNSUN3D,Chlorophyll-a,Improving,Worsening,Disagree,,
SUNSUN3D,pH (epilimnion),Improving,Improving,Agree,,
SUNSUN3D,Transparency,Stable,Improving,Disagree,,
SUNSUN3D,Conductivity,Worsening,Worsening,Agree,,
SUNSUN3D,Phosphorus (epilimnion),Stable,Stable,Agree,,
SUNSUN3D,Phosphorus (hypolimnion),Stable,Stable,Agree,,
SUNUBRND,Chlorophyll-a,Improving,Worsening,Disagree,,
SUNUBRND,pH (epilimnion),Stable,Stable,Agree,,
SUNUBRND,Transparency,Stable,Stable,Agree,,
SUNUBRND,Conductivity,Worsening,Worsening,Agree,,
SUNUBRND,Phosphorus (epilimnion),Stable,Stable,Agree,,
SUNUBRND,Phosphorus (hypolimnion),Stable,Stable,Agree,,
SWASWAD,Chlorophyll-a,Stable,Stable,Agree,,
SWASWAD,pH (epilimnion),Stable,Stable,Agree,,
SWASWAD,Transparency,Stable,Stable,Agree,,
SWASWAD,Conductivity,Worsening,Worsening,Agree,,
SWASWAD,Phosphorus (epilimnion),Stable,Stable,Agree,,
SWASWAD,Phosphorus (hypolimnion),Stable,Stable,Agree,,
TARPIED,Chlorophyll-a,Stable,Stable,Agree,,
TARPIED,pH (epilimnion),Stable,Stable,Agree,,
TARPIED,Transparency,Stable,Stable,Agree,,
TARPIED,Conductivity,Stable,Stable,Agree,,
TARPIED,Phosphorus (epilimnion),Stable,Stable,Agree,,
TARPIED,Phosphorus (hypolimnion),Stable,Stable,Agree,,
THOJAFD,Chlorophyll-a,Stable,Stable,Agree,,
THOJAFD,pH (epilimnion),Stable,Stable,Agree,,
THOJAFD,Transparency,Stable,Stable,Agree,,
THOJAFD,Conductivity,Improving,Worsening,Disagree,,
THOJAFD,Phosphorus (epilimnion),Stable,Stable,Agree,,
THOJAFD,Phosphorus (hypolimnion),Stable,Stable,Agree,,
TODNBYD,Chlorophyll-a,Stable,Stable,Agree,,
TODNBYD,pH (epilimnion),Stable,Stable,Agree,,
TODNBYD,Transparency,Stable,Stable,Agree,,
TODNBYD,Conductivity,Stable,Stable,Agree,,
TODNBYD,Phosphorus (epilimnion),Stable,Stable,Agree,,
TODNBYD,Phosphorus (hypolimnion),Stable,Stable,Agree,,
TOLNELD,Chlorophyll-a,Stable,Stable,Agree,,
TOLNELD,pH (epilimnion),Stable,Stable,Agree,,
TOLNELD,Transparency,Stable,Stable,Agree,,
TOLNELD,Conductivity,Stable,Stable,Agree,,
TOLNELD,Phosphorus (epilimnion),Stable,Stable,Agree,,
TOLNELD,Phosphorus (hypolimnion),Stable,Stable,Agree,,
TOMWRND,Chlorophyll-a,Stable,Worsening,Disagree,,
TOMWRND,pH (epilimnion),Stable,Stable,Agree,,
TOMWRND,Transparency,Stable,Stable,Agree,,
TOMWRND,Conductivity,Worsening,Worsening,Agree,,
TOMWRND,Phosphorus (epilimnion),Stable,Stable,Agree,,
TOMWRND,Phosphorus (hypolimnion),Stable,Stable,Agree,,
TUCSBYD,Chlorophyll-a,Stable,Stable,Agree,,
TUCSBYD,pH (epilimnion),Stable,Stable,Agree,,
TUCSBYD,Transparency,Stable,Stable,Agree,,
TUCSBYD,Conductivity,Worsening,Worsening,Agree,,
TUCSBYD,Phosphorus (epilimnion),Stable,Stable,Agree,,
TUCSBYD,Phosphorus (hypolimnion),Stable,Stable,Agree,,
WARALSD,Chlorophyll-a,Stable,Stable,Agree,,
WARALSD,pH (epilimnion),Improving,Improving,Agree,,
WARALSD,Transparency,Worsening,Improving,Disagree,,
WARALSD,Conductivity,Stable,Stable,Agree,,
WARALSD,Phosphorus (epilimnion),Worsening,Worsening,Agree,,
WARALSD,Phosphorus (hypolimnion),Worsening,Stable,Disagree,,
WAUDAND,Chlorophyll-a,Improving,Worsening,Disagree,,
WAUDAND,pH (epilimnion),Improving,Improving,Agree,,
WAUDAND,Transparency,Stable,Stable,Agree,,
WAUDAND,Conductivity,Stable,Stable,Agree,,
WAUDAND,Phosphorus (epilimnion),Stable,Stable,Agree,,
WAUDAND,Phosphorus (hypolimnion),Worsening,Worsening,Agree,,
WAUMERMD,Chlorophyll-a,Stable,Stable,Agree,,
WAUMERMD,pH (epilimnion),Stable,Stable,Agree,,
WAUMERMD,Transparency,Improving,Improving,Agree,,
WAUMERMD,Conductivity,Worsening,Worsening,Agree,,
WAUMERMD,Phosphorus (epilimnion),Stable,Stable,Agree,,
WAUMERMD,Phosphorus (hypolimnion),Stable,Stable,Agree,,
WAUMERWD,Chlorophyll-a,Stable,Stable,Agree,,
WAUMERWD,pH (epilimnion),Stable,Stable,Agree,,
WAUMERWD,Transparency,Improving,Improving,Agree,,
WAUMERWD,Conductivity,Worsening,Worsening,Agree,,
WAUMERWD,Phosphorus (epilimnion),Stable,Stable,Agree,,
WAUMERWD,Phosphorus (hypolimnion),Stable,Stable,Agree,,
WEBFRKD,Chlorophyll-a,Stable,Stable,Agree,,
WEBFRKD,pH (epilimnion),Stable,Stable,Agree,,
WEBFRKD,Transparency,Worsening,Improving,Disagree,,
WEBFRKD,Conductivity,Stable,Stable,Agree,,
WEBFRKD,Phosphorus (epilimnion),Stable,Stable,Agree,,
WEBFRKD,Phosphorus (hypolimnion),Stable,Stable,Agree,,
WENWOLFD,Chlorophyll-a,Worsening,Worsening,Agree,,
WENWOLFD,pH (epilimnion),Stable,Stable,Agree,,
WENWOLFD,Transparency,Stable,Stable,Agree,,
WENWOLFD,Conductivity,Stable,Stable,Agree,,
WENWOLFD,Phosphorus (epilimnion),Stable,Stable,Agree,,
WENWOLFD,Phosphorus (hypolimnion),Stable,Stable,Agree,,
WENWOLG,Chlorophyll-a,Stable,Stable,Agree,,
WENWOLG,pH (epilimnion),Stable,Stable,Agree,,
WENWOLG,Transparency,Stable,Stable,Agree,,
WENWOLG,Conductivity,Stable,Stable,Agree,,
WENWOLG,Phosphorus (epilimnion),Stable,Stable,Agree,,
WENWOLG,Phosphorus (hypolimnion),Stable,Stable,Agree,,
WHELEED,Chlorophyll-a,Worsening,Worsening,Agree,,
WHELEED,pH (epilimnion),Stable,Stable,Agree,,
WHELEED,Transparency,Stable,Stable,Agree,,
WHELEED,Conductivity,Stable,Stable,Agree,,
WHELEED,Phosphorus (epilimnion),Stable,Stable,Agree,,
WHELEED,Phosphorus (hypolimnion),Stable,Stable,Agree,,
WHIHOLD,Chlorophyll-a,Stable,Stable,Agree,,
WHIHOLD,pH (epilimnion),Stable,Stable,Agree,,
WHIHOLD,Transparency,Stable,Stable,Agree,,
WHIHOLD,Conductivity,Worsening,Worsening,Agree,,
WHIHOLD,Phosphorus (epilimnion),Stable,Stable,Agree,,
WHIHOLD,Phosphorus (hypolimnion),Stable,Stable,Agree,,
WICMERD,Chlorophyll-a,Stable,Stable,Agree,,
WICMERD,pH (epilimnion),Stable,Stable,Agree,,
WICMERD,Transparency,Stable,Stable,Agree,,
WICMERD,Conductivity,Worsening,Worsening,Agree,,
WICMERD,Phosphorus (epilimnion),Stable,Stable,Agree,,
WICMERD,Phosphorus (hypolimnion),Stable,Worsening,Disagree,,
WILPFDD,Chlorophyll-a,Stable,Stable,Agree,,
WILPFDD,pH (epilimnion),Stable,Stable,Agree,,
WILPFDD,Transparency,Worsening,Improving,Disagree,,
WILPFDD,Conductivity,Stable,Stable,Agree,,
WILPFDD,Phosphorus (epilimnion),Worsening,Worsening,Agree,,
WILPFDD,Phosphorus (hypolimnion),Stable,Stable,Agree,,
WILSWAD,Chlorophyll-a,Stable,Stable,Agree,,
WILSWAD,pH (epilimnion),Stable,Stable,Agree,,
WILSWAD,Transparency,Stable,Stable,Agree,,
WILSWAD,Conductivity,Worsening,Worsening,Agree,,
WILSWAD,Phosphorus (epilimnion),Worsening,Worsening,Agree,,
WILSWAD,Phosphorus (hypolimnion),Worsening,Worsening,Agree,,
WINMBELD,Chlorophyll-a,Stable,Stable,Agree,,
WINMBELD,pH (epilimnion),Stable,Stable,Agree,,
WINMBELD,Transparency,Stable,Stable,Agree,,
WINMBELD,Conductivity,Worsening,Worsening,Agree,,
WINMBELD,Phosphorus (epilimnion),Stable,Stable,Agree,,
WINMBELD,Phosphorus (hypolimnion),Stable,Stable,Agree,,
WINNWHD,Chlorophyll-a,Worsening,Worsening,Agree,,
WINNWHD,pH (epilimnion),Stable,Stable,Agree,,
WINNWHD,Transparency,Stable,Stable,Agree,,
WINNWHD,Conductivity,Worsening,Worsening,Agree,,
WINNWHD,Phosphorus (epilimnion),Stable,Stable,Agree,,
WINNWHD,Phosphorus (hypolimnion),Worsening,Worsening,Agree,,
WINPLACD,Chlorophyll-a,Stable,Stable,Agree,,
WINPLACD,pH (epilimnion),Stable,Stable,Agree,,
WINPLACD,Transparency,Worsening,Stable,Disagree,,
WINPLACD,Conductivity,Worsening,Worsening,Agree,,
WINPLACD,Phosphorus (epilimnion),Improving,Worsening,Disagree,,
WINPLACD,Phosphorus (hypolimnion),Improving,Worsening,Disagree,,
WINTLACD,Chlorophyll-a,Stable,Stable,Agree,,
WINTLACD,pH (epilimnion),Stable,Stable,Agree,,
WINTLACD,Transparency,Stable,Stable,Agree,,
WINTLACD,Conductivity,Worsening,Worsening,Agree,,
WINTLACD,Phosphorus (epilimnion),Stable,Stable,Agree,,
WINTLACD,Phosphorus (hypolimnion),Stable,Stable,Agree,,
WINWEBD,Chlorophyll-a,Stable,Stable,Agree,,
WINWEBD,pH (epilimnion),Stable,Stable,Agree,,
WINWEBD,Transparency,Stable,Stable,Agree,,
WINWEBD,Conductivity,Improving,Worsening,Disagree,,
WINWEBD,Phosphorus (epilimnion),Stable,Stable,Agree,,
WINWEBD,Phosphorus (hypolimnion),Stable,Stable,Agree,,
ZEPGRED,Chlorophyll-a,Stable,Stable,Agree,,
ZEPGRED,pH (epilimnion),Stable,Stable,Agree,,
ZEPGRED,Transparency,Stable,Stable,Agree,,
ZEPGRED,Conductivity,Worsening,Worsening,Agree,,
ZEPGRED,Phosphorus (epilimnion),Stable,Stable,Agree,,
ZEPGRED,Phosphorus (hypolimnion),Stable,Stable,Agree,,
